id;timestamp
image_0;12:00
image_1;12:01
image_2;12:02
image_3;12:03
image_4;12:04
image_5;12:05
image_6;12:06
image_7;12:07
image_8;12:08
image_9;12:09
image_10;12:10
image_11;12:11
image_12;12:12
image_13;12:13
image_14;12:14
image_15;12:15
image_16;12:16
image_17;12:17
image_18;12:18
image_19;12:19
image_20;12:20
image_21;12:21
image_22;12:22
image_23;12:23
image_24;12:24
image_25;12:25
image_26;12:26
image_27;12:27
image_28;12:28
image_29;12:29
image_30;12:30
image_31;12:31
image_32;12:32
image_33;12:33
image_34;12:34
image_35;12:35
image_36;12:36
image_37;12:37
image_38;12:38
image_39;12:39
image_40;12:40
image_41;12:41
image_42;12:42
image_43;12:43
image_44;12:44
image_45;12:45
image_46;12:46
image_47;12:47
image_48;12:48
image_49;12:49
image_50;12:50
image_51;12:51
image_52;12:52
image_53;12:53
image_54;12:54
image_55;12:55
image_56;12:56
image_57;12:57
image_58;12:58
image_59;12:59
image_60;13:00
image_61;13:01
image_62;13:02
image_63;13:03
image_64;13:04
image_65;13:05
image_66;13:06
image_67;13:07
image_68;13:08
image_69;13:09
image_70;13:10
image_71;13:11
image_72;13:12
image_73;13:13
image_74;13:14
image_75;13:15
image_76;13:16
image_77;13:17
image_78;13:18
image_79;13:19
image_80;13:20
image_81;13:21
image_82;13:22
image_83;13:23
image_84;13:24
image_85;13:25
image_86;13:26
image_87;13:27
image_88;13:28
image_89;13:29
image_90;13:30
image_91;13:31
image_92;13:32
image_93;13:33
image_94;13:34
image_95;13:35
image_96;13:36
image_97;13:37
image_98;13:38
image_99;13:39
image_100;13:40
image_101;13:41
image_102;13:42
image_103;13:43
image_104;13:44
image_105;13:45
image_106;13:46
image_107;13:47
image_108;13:48
image_109;13:49
image_110;13:50
image_111;13:51
image_112;13:52
image_113;13:53
image_114;13:54
image_115;13:55
image_116;13:56
image_117;13:57
image_118;13:58
image_119;13:59
image_120;14:00
image_121;14:01
image_122;14:02
image_123;14:03
image_124;14:04
image_125;14:05
image_126;14:06
image_127;14:07
image_128;14:08
image_129;14:09
image_130;14:10
image_131;14:11
image_132;14:12
image_133;14:13
image_134;14:14
image_135;14:15
image_136;14:16
image_137;14:17
image_138;14:18
image_139;14:19
image_140;14:20
image_141;14:21
image_142;14:22
image_143;14:23
image_144;14:24
image_145;14:25
image_146;14:26
image_147;14:27
image_148;14:28
image_149;14:29
image_150;14:30
image_151;14:31
image_152;14:32
image_153;14:33
image_154;14:34
image_155;14:35
image_156;14:36
image_157;14:37
image_158;14:38
image_159;14:39
image_160;14:40
image_161;14:41
image_162;14:42
image_163;14:43
image_164;14:44
image_165;14:45
image_166;14:46
image_167;14:47
image_168;14:48
image_169;14:49
image_170;14:50
image_171;14:51
image_172;14:52
image_173;14:53
image_174;14:54
image_175;14:55
image_176;14:56
image_177;14:57
image_178;14:58
image_179;14:59
image_180;15:00
image_181;15:01
image_182;15:02
image_183;15:03
image_184;15:04
image_185;15:05
image_186;15:06
image_187;15:07
image_188;15:08
image_189;15:09
image_190;15:10
image_191;15:11
image_192;15:12
image_193;15:13
image_194;15:14
image_195;15:15
image_196;15:16
image_197;15:17
image_198;15:18
image_199;15:19
image_200;15:20
image_201;15:21
image_202;15:22
image_203;15:23
image_204;15:24
image_205;15:25
image_206;15:26
image_207;15:27
image_208;15:28
image_209;15:29
image_210;15:30
image_211;15:31
image_212;15:32
image_213;15:33
image_214;15:34
image_215;15:35
image_216;15:36
image_217;15:37
image_218;15:38
image_219;15:39
image_220;15:40
image_221;15:41
image_222;15:42
image_223;15:43
image_224;15:44
image_225;15:45
image_226;15:46
image_227;15:47
image_228;15:48
image_229;15:49
image_230;15:50
image_231;15:51
image_232;15:52
image_233;15:53
image_234;15:54
image_235;15:55
image_236;15:56
image_237;15:57
image_238;15:58
image_239;15:59
image_240;16:00
image_241;16:01
image_242;16:02
image_243;16:03
image_244;16:04
image_245;16:05
image_246;16:06
image_247;16:07
image_248;16:08
image_249;16:09
image_250;16:10
image_251;16:11
image_252;16:12
image_253;16:13
image_254;16:14
image_255;16:15
image_256;16:16
image_257;16:17
image_258;16:18
image_259;16:19
image_260;16:20
image_261;16:21
image_262;16:22
image_263;16:23
image_264;16:24
image_265;16:25
image_266;16:26
image_267;16:27
image_268;16:28
image_269;16:29
image_270;16:30
image_271;16:31
image_272;16:32
image_273;16:33
image_274;16:34
image_275;16:35
image_276;16:36
image_277;16:37
image_278;16:38
image_279;16:39
image_280;16:40
image_281;16:41
image_282;16:42
image_283;16:43
image_284;16:44
image_285;16:45
image_286;16:46
image_287;16:47
image_288;16:48
image_289;16:49
image_290;16:50
image_291;16:51
image_292;16:52
image_293;16:53
image_294;16:54
image_295;16:55
image_296;16:56
image_297;16:57
image_298;16:58
image_299;16:59
image_300;17:00
image_301;17:01
image_302;17:02
image_303;17:03
image_304;17:04
image_305;17:05
image_306;17:06
image_307;17:07
image_308;17:08
image_309;17:09
image_310;17:10
image_311;17:11
image_312;17:12
image_313;17:13
image_314;17:14
image_315;17:15
image_316;17:16
image_317;17:17
image_318;17:18
image_319;17:19
image_320;17:20
image_321;17:21
image_322;17:22
image_323;17:23
image_324;17:24
image_325;17:25
image_326;17:26
image_327;17:27
image_328;17:28
image_329;17:29
image_330;17:30
image_331;17:31
image_332;17:32
image_333;17:33
image_334;17:34
image_335;17:35
image_336;17:36
image_337;17:37
image_338;17:38
image_339;17:39
image_340;17:40
image_341;17:41
image_342;17:42
image_343;17:43
image_344;17:44
image_345;17:45
image_346;17:46
image_347;17:47
image_348;17:48
image_349;17:49
image_350;17:50
image_351;17:51
image_352;17:52
image_353;17:53
image_354;17:54
image_355;17:55
image_356;17:56
image_357;17:57
image_358;17:58
image_359;17:59
image_360;18:00
image_361;18:01
image_362;18:02
image_363;18:03
image_364;18:04
image_365;18:05
image_366;18:06
image_367;18:07
image_368;18:08
image_369;18:09
image_370;18:10
image_371;18:11
image_372;18:12
image_373;18:13
image_374;18:14
image_375;18:15
image_376;18:16
image_377;18:17
image_378;18:18
image_379;18:19
image_380;18:20
image_381;18:21
image_382;18:22
image_383;18:23
image_384;18:24
image_385;18:25
image_386;18:26
image_387;18:27
image_388;18:28
image_389;18:29
image_390;18:30
image_391;18:31
image_392;18:32
image_393;18:33
image_394;18:34
image_395;18:35
image_396;18:36
image_397;18:37
image_398;18:38
image_399;18:39
image_400;18:40
image_401;18:41
image_402;18:42
image_403;18:43
image_404;18:44
image_405;18:45
image_406;18:46
image_407;18:47
image_408;18:48
image_409;18:49
image_410;18:50
image_411;18:51
image_412;18:52
image_413;18:53
image_414;18:54
image_415;18:55
image_416;18:56
image_417;18:57
image_418;18:58
image_419;18:59
image_420;19:00
image_421;19:01
image_422;19:02
image_423;19:03
image_424;19:04
image_425;19:05
image_426;19:06
image_427;19:07
image_428;19:08
image_429;19:09
image_430;19:10
image_431;19:11
image_432;19:12
image_433;19:13
image_434;19:14
image_435;19:15
image_436;19:16
image_437;19:17
image_438;19:18
image_439;19:19
image_440;19:20
image_441;19:21
image_442;19:22
image_443;19:23
image_444;19:24
image_445;19:25
image_446;19:26
image_447;19:27
image_448;19:28
image_449;19:29
image_450;19:30
image_451;19:31
image_452;19:32
image_453;19:33
image_454;19:34
image_455;19:35
image_456;19:36
image_457;19:37
image_458;19:38
image_459;19:39
image_460;19:40
image_461;19:41
image_462;19:42
image_463;19:43
image_464;19:44
image_465;19:45
image_466;19:46
image_467;19:47
image_468;19:48
image_469;19:49
image_470;19:50
image_471;19:51
image_472;19:52
image_473;19:53
image_474;19:54
image_475;19:55
image_476;19:56
image_477;19:57
image_478;19:58
image_479;19:59
image_480;20:00
image_481;20:01
image_482;20:02
image_483;20:03
image_484;20:04
image_485;20:05
image_486;20:06
image_487;20:07
image_488;20:08
image_489;20:09
image_490;20:10
image_491;20:11
image_492;20:12
image_493;20:13
image_494;20:14
image_495;20:15
image_496;20:16
image_497;20:17
image_498;20:18
image_499;20:19
image_500;20:20
image_501;20:21
image_502;20:22
image_503;20:23
image_504;20:24
image_505;20:25
image_506;20:26
image_507;20:27
image_508;20:28
image_509;20:29
image_510;20:30
image_511;20:31
image_512;20:32
image_513;20:33
image_514;20:34
image_515;20:35
image_516;20:36
image_517;20:37
image_518;20:38
image_519;20:39
image_520;20:40
image_521;20:41
image_522;20:42
image_523;20:43
image_524;20:44
image_525;20:45
image_526;20:46
image_527;20:47
image_528;20:48
image_529;20:49
image_530;20:50
image_531;20:51
image_532;20:52
image_533;20:53
image_534;20:54
image_535;20:55
image_536;20:56
image_537;20:57
image_538;20:58
image_539;20:59
image_540;21:00
image_541;21:01
image_542;21:02
image_543;21:03
image_544;21:04
image_545;21:05
image_546;21:06
image_547;21:07
image_548;21:08
image_549;21:09
image_550;21:10
image_551;21:11
image_552;21:12
image_553;21:13
image_554;21:14
image_555;21:15
image_556;21:16
image_557;21:17
image_558;21:18
image_559;21:19
image_560;21:20
image_561;21:21
image_562;21:22
image_563;21:23
image_564;21:24
image_565;21:25
image_566;21:26
image_567;21:27
image_568;21:28
image_569;21:29
image_570;21:30
image_571;21:31
image_572;21:32
image_573;21:33
image_574;21:34
image_575;21:35
image_576;21:36
image_577;21:37
image_578;21:38
image_579;21:39
image_580;21:40
image_581;21:41
image_582;21:42
image_583;21:43
image_584;21:44
image_585;21:45
image_586;21:46
image_587;21:47
image_588;21:48
image_589;21:49
image_590;21:50
image_591;21:51
image_592;21:52
image_593;21:53
image_594;21:54
image_595;21:55
image_596;21:56
image_597;21:57
image_598;21:58
image_599;21:59
image_600;22:00
image_601;22:01
image_602;22:02
image_603;22:03
image_604;22:04
image_605;22:05
image_606;22:06
image_607;22:07
image_608;22:08
image_609;22:09
image_610;22:10
image_611;22:11
image_612;22:12
image_613;22:13
image_614;22:14
image_615;22:15
image_616;22:16
image_617;22:17
image_618;22:18
image_619;22:19
image_620;22:20
image_621;22:21
image_622;22:22
image_623;22:23
image_624;22:24
image_625;22:25
image_626;22:26
image_627;22:27
image_628;22:28
image_629;22:29
image_630;22:30
image_631;22:31
image_632;22:32
image_633;22:33
image_634;22:34
image_635;22:35
image_636;22:36
image_637;22:37
image_638;22:38
image_639;22:39
image_640;22:40
image_641;22:41
image_642;22:42
image_643;22:43
image_644;22:44
image_645;22:45
image_646;22:46
image_647;22:47
image_648;22:48
image_649;22:49
image_650;22:50
image_651;22:51
image_652;22:52
image_653;22:53
image_654;22:54
image_655;22:55
image_656;22:56
image_657;22:57
image_658;22:58
image_659;22:59
image_660;23:00
image_661;23:01
image_662;23:02
image_663;23:03
image_664;23:04
image_665;23:05
image_666;23:06
image_667;23:07
image_668;23:08
image_669;23:09
image_670;23:10
image_671;23:11
image_672;23:12
image_673;23:13
image_674;23:14
image_675;23:15
image_676;23:16
image_677;23:17
image_678;23:18
image_679;23:19
image_680;23:20
image_681;23:21
image_682;23:22
image_683;23:23
image_684;23:24
image_685;23:25
image_686;23:26
image_687;23:27
image_688;23:28
image_689;23:29
image_690;23:30
image_691;23:31
image_692;23:32
image_693;23:33
image_694;23:34
image_695;23:35
image_696;23:36
image_697;23:37
image_698;23:38
image_699;23:39
image_700;23:40
image_701;23:41
image_702;23:42
image_703;23:43
image_704;23:44
image_705;23:45
image_706;23:46
image_707;23:47
image_708;23:48
image_709;23:49
image_710;23:50
image_711;23:51
image_712;23:52
image_713;23:53
image_714;23:54
image_715;23:55
image_716;23:56
image_717;23:57
image_718;23:58
image_719;23:59
image_720;00:00
image_721;00:01
image_722;00:02
image_723;00:03
image_724;00:04
image_725;00:05
image_726;00:06
image_727;00:07
image_728;00:08
image_729;00:09
image_730;00:10
image_731;00:11
image_732;00:12
image_733;00:13
image_734;00:14
image_735;00:15
image_736;00:16
image_737;00:17
image_738;00:18
image_739;00:19
image_740;00:20
image_741;00:21
image_742;00:22
image_743;00:23
image_744;00:24
image_745;00:25
image_746;00:26
image_747;00:27
image_748;00:28
image_749;00:29
image_750;00:30
image_751;00:31
image_752;00:32
image_753;00:33
image_754;00:34
image_755;00:35
image_756;00:36
image_757;00:37
image_758;00:38
image_759;00:39
image_760;00:40
image_761;00:41
image_762;00:42
image_763;00:43
image_764;00:44
image_765;00:45
image_766;00:46
image_767;00:47
image_768;00:48
image_769;00:49
image_770;00:50
image_771;00:51
image_772;00:52
image_773;00:53
image_774;00:54
image_775;00:55
image_776;00:56
image_777;00:57
image_778;00:58
image_779;00:59
image_780;01:00
image_781;01:01
image_782;01:02
image_783;01:03
image_784;01:04
image_785;01:05
image_786;01:06
image_787;01:07
image_788;01:08
image_789;01:09
image_790;01:10
image_791;01:11
image_792;01:12
image_793;01:13
image_794;01:14
image_795;01:15
image_796;01:16
image_797;01:17
image_798;01:18
image_799;01:19
image_800;01:20
image_801;01:21
image_802;01:22
image_803;01:23
image_804;01:24
image_805;01:25
image_806;01:26
image_807;01:27
image_808;01:28
image_809;01:29
